email,first_name,last_name,datetime
ona.beckham1401@hotmail.com,ona,beckham,2017-04-19 20:21:02
kristin.osborne925@yahoo.com,kristin,osborne,2017-04-17 20:21:02
holly.malcom528@outlook.com,holly,malcom,2017-04-03 20:21:02
gretta.light968@comcast.net,gretta,light,2017-04-21 20:21:02
megan.light1085@hotmail.com,megan,light,2017-04-05 20:21:02
patricia.hutchins1766@gmail.com,patricia,hutchins,2017-04-11 20:21:02
mike.hogg794@gmail.com,mike,hogg,2017-04-04 20:21:02
regan.george1880@hotmail.com,regan,george,2017-04-17 20:21:02
ed.miller889@verizon.net,ed,miller,2017-04-18 20:21:02
bill.powers1599@aol.com,bill,powers,2017-04-17 20:21:02
james.smith697@aolcom,james,smith,2017-04-14 20:21:02
josh.hutchins1236@verizon,josh,hutchins,2017-03-30 20:21:02
BILL.MALCOM1072@YAHOO.COM,bill,malcom,2017-04-21 20:21:02
ida.osborne1069@hotmail.com,ida,osborne,2017-04-08 20:21:02
elizabeth.dawson954@verizon.net,elizabeth,dawson,2017-04-08 20:21:02
jerry.malcom1949@yahoo.com,jerry,malcom,2017-04-14 20:21:02
justin.patrick348@outlook.com,justin,patrick,2017-04-20 20:21:02
tenly.smith230@outlook.com,tenly,smith,2017-04-15 20:21:02
justin.hauser750@outlook.com,justin,hauser,2017-04-18 20:21:02
rick.courtney1234@gmail.com,rick,courtney,2017-04-19 20:21:02
ed.light1028@outlook.com,ed,light,2017-04-26 20:21:02
dave.george721@comcast.net,dave,george,2017-03-31 20:21:02
james.bianchi1079@comcast.net,james,bianchi,2017-04-10 20:21:02
ida.height1035@aol.com,ida,height,2017-04-06 20:21:02
catherine.shelly32@outlook.com,catherine,shelly,2017-04-12 20:21:02
john.shelly906@gmail.com,john,shelly,2017-04-15 20:21:02
francis.light1750@outlook.com,francis,light,2017-04-02 20:21:02
josh.height926@hotmail.com,josh,height,2017-04-26 20:21:02
tenly.powers74@yahoo.com,tenly,powers,2017-04-27 20:21:02
jolene.hutchins1264@hotmail.com,jolene,hutchins,2017-04-12 20:21:02
rick.baer1327@aol.com,rick,baer,2017-04-14 20:21:02
bill.powers1318@gmail.com,bill,powers,2017-04-27 20:21:02
megan.powers581@outlook.com,megan,powers,2017-04-11 20:21:02
norah.gill1147@gmail.com,norah,gill,2017-04-13 20:21:02
ona.george652@outlook.com,ona,george,2017-04-04 20:21:02
gretta.hutchins179@comcast.net,gretta,hutchins,2017-04-01 20:21:02
kristin.hutchins1994@yahoo.com,kristin,hutchins,2017-04-16 20:21:02
patricia.courtney1822@verizon.net,patricia,courtney,2017-04-02 20:21:02
jerry.malcom1696@aol.com,jerry,malcom,2017-03-29 20:21:02
jason.hogg1950@verizon.net,jason,hogg,2017-04-13 20:21:02
melissa.ford1124@outlook.com,melissa,ford,2017-04-27 20:21:02
kristin.hauser1174@comcast.net,kristin,hauser,2017-04-10 20:21:02
ed.pederson1855@comcast.net,ed,pederson,2017-03-30 20:21:02
lauren.hutchins1180@hotmail.com,lauren,hutchins,2017-04-03 20:21:02
ona.light1572@verizon.net,ona,light,2017-04-20 20:21:02
melissa.grace311@yahoo.com,melissa,grace,2017-04-07 20:21:02
rick.light217@yahoo.com,rick,light,2017-04-27 20:21:02
michelle.bender401@hotmail.com,michelle,bender,2017-04-20 20:21:02
jolene.patrick205@gmail.com,jolene,patrick,2017-04-16 20:21:02
dave.jackson1547@aol.com,dave,jackson,2017-04-22 20:21:02
elizabeth.osborne1932@hotmail.com,elizabeth,osborne,2017-04-16 20:21:02
elizabeth.malcom1495@verizon.net,elizabeth,malcom,2017-04-19 20:21:02
dylan.bianchi1439@yahoo.com,dylan,bianchi,2017-04-12 20:21:02
jason.powers492@comcast.net,jason,powers,2017-04-03 20:21:02
kristin.ford1855@comcast.net,kristin,ford,2017-04-19 20:21:02
greg.gill1353@verizon.net,greg,gill,2017-04-15 20:21:02
amy.dawson754@outlook.com,amy,dawson,2017-04-08 20:21:02
jerry.light779@comcast.net,jerry,light,2017-04-02 20:21:02
josh.shelly2007comcast.net,josh,shelly,2017-04-27 20:21:02
catherine.light199@hotmail.com,catherine,light,2017-04-11 20:21:02
melissa.pederson992@outlook.com,melissa,pederson,2017-04-01 20:21:02
mike.shelly88@gmail.com,mike,shelly,2017-04-17 20:21:02
jason.light1172@yahoo.com,jason,light,2017-04-22 20:21:02
megan.courtney870@gmail.com,megan,courtney,2017-04-04 20:21:02
iDA.MILLER544@HOTMAIL.COM,ida,miller,2017-04-15 20:21:02
beth.baer1370@gmail.com,beth,baer,2017-04-05 20:21:02
jerry.height562@comcast.net,jerry,height,2017-04-14 20:21:02
jason.dawson1941@comcast.net,jason,dawson,2017-04-01 20:21:02
MELISSA.POWERS1399@VERIZON.NET,melissa,powers,2017-04-08 20:21:02
bill.malcom2007@outlook.com,bill,malcom,2017-04-10 20:21:02
mike.pederson842@hotmail.com,mike,pederson,2017-04-17 20:21:02
ed.miller637@hotmail.com,ed,miller,2017-04-16 20:21:02
violet.manning1528@hotmail.com,violet,manning,2017-04-16 20:21:02
dave.bianchi1959@comcast.net,dave,bianchi,2017-04-17 20:21:02
francis.light1077@verizon.net,francis,light,2017-04-12 20:21:02
justin.smith624@@aol.com,justin,smith,2017-04-10 20:21:02
lauren.dawson894@comcast.net,lauren,dawson,2017-04-06 20:21:02
justin.shelly840@yahoo.com,justin,shelly,2017-04-05 20:21:02
mike.bianchi207@gmail.com,mike,bianchi,2017-04-27 20:21:02
tenly.baer447@yahoo.com,tenly,baer,2017-04-02 20:21:02
justin.bianchi1339@outlook.com,justin,bianchi,2017-04-16 20:21:02
tenly.beckham1783@yahoo.com,tenly,beckham,2017-04-09 20:21:02
rick.dawson1988@aol.com,rick,dawson,2017-04-21 20:21:02
nick.powers1391@gmail.com,nick,powers,2017-04-05 20:21:02
beth.ford1185@yahoo.com,beth,ford,2017-04-19 20:21:02
bill.grace903@yahoo.com,bill,grace,2017-04-19 20:21:02
bill.grace903@yahoo.com,bill,grace,2017-04-19 20:21:02
ida.manning1870@comcast.net,ida,manning,2017-03-30 20:21:02
greg.bender889@yahoo.com,greg,bender,2017-04-27 20:21:02
john.baer1449@yahoo.com,john,baer,2017-04-11 20:21:02
melissa.osborne340@comcast.net,melissa,osborne,2017-04-06 20:21:02
jolene.dawson1892@verizon.net,jolene,dawson,2017-04-18 20:21:02
jolene.dawson1892@verizon.net,jolene,dawson,2017-04-18 20:21:02
regan.osborne341@gmail.com,regan,osborne,2017-04-13 20:21:02
patricia.pederson744@yahoo.com,patricia,pederson,2017-04-16 20:21:02
rick.pederson1478@verizon.net,rick,pederson,2017-04-04 20:21:02
AMY.HOGG1736@AOL.Com,amy,hogg,2017-04-08 20:21:02
tenly.dawson498@verizon.net,tenly,dawson,2017-04-07 20:21:02
patricia.ford1169@yahoo.com,patricia,ford,2017-04-21 20:21:02
jolene.miller1409@gmail.com,jolene,miller,2017-04-26 20:21:02
ona.jackson229@yahoo.com,ona,jackson,2017-04-01 20:21:02
dylan.shelly1758@outlook.com,dylan,shelly,2017-04-03 20:21:02
